{"cameraMode":{"drawMode":0,"name":"Shaded","section":"Shading Mode"},"sceneLighting":true,"audioPlay":false,"sceneViewState":{"showFog":true,"showMaterialUpdate":false,"showSkybox":true,"showFlares":true,"showImageEffects":true,"showParticleSystems":true},"in2DMode":false,"pivot":{"x":-0.12947997450828553,"y":-1.9786415100097657,"z":0.27576112747192385},"rotation":{"x":0.6899003982543945,"y":-0.007600904442369938,"z":0.007244761101901531,"w":0.7238360643386841},"size":4.992695331573486,"orthographic":false}